<?xml version="1.0" encoding="UTF-8"?>
<project-private xmlns="http://www.netbeans.org/ns/project-private/1">
    <editor-bookmarks xmlns="http://www.netbeans.org/ns/editor-bookmarks/2" lastBookmarkId="0"/>
    <open-files xmlns="http://www.netbeans.org/ns/projectui-open-files/2">
        <group>
            <file>file:/E:/IgraTetris/src/igraTetris/Liki.java</file>
            <file>file:/E:/IgraTetris/src/igraTetris/Deska.java</file>
            <file>file:/E:/IgraTetris/src/igraTetris/Player.java</file>
            <file>file:/E:/IgraTetris/src/igraTetris/Lik.java</file>
            <file>file:/E:/IgraTetris/src/igraTetris/Tetris.java</file>
        </group>
    </open-files>
</project-private>
